{
  "ar": {
    "start_command_desc": "🚀 ابدأ رحلة التحميل السريع",
    "account_command_desc": "💎 حالة اشتراكك وإحصائياتك",
    "admin_command_desc": "⚙️ لوحة تحكم المدير السري",
    "welcome": "👋 **أهلاً بك يا {name}، نورت البوت!** ✨\n\nأرسل لي أي رابط فيديو من (يوتيوب، فيسبوك، انستغرام، تيك توك) وسأقوم بتحميله لك بسرعة البرق! ⚡️",
    "limit_reached": "🚫 **توقف هنا!** 🚫\n\nلقد وصلت إلى الحد الأقصى للتحميلات المجانية اليوم (5 فيديوهات). اشترك الآن لتبدأ التحميل بلا حدود! 👇",
    "subscribe_button_text": "اشترك الآن وحمّل بلا حدود! 💎",
    "subscribe_link": "https://t.me/audiew",
    "account_info": "👤 **بطاقة حسابك الشخصية**\n\n- **معرّف المستخدم:** `{user_id}`\n- **حالة الاشتراك:** **{subscription_status}**\n- **الفيديوهات المحمّلة اليوم:** {downloads_used} / 5\n- **التحميلات المتبقية:** {downloads_remaining}",
    "upgrade_user_button": "⬆️ ترقية إلى مشترك VIP",
    "downgrade_user_button": "⬇️ إزالة حالة VIP",
    "upgrade_prompt": "✨ **لترقية مستخدم:** أرسل لي الآن معرّف المستخدم (ID) الذي تود ترقيته إلى اشتراك **VIP/Pro**.",
    "downgrade_prompt": "🗑️ **لإلغاء ترقية:** أرسل لي الآن معرّف المستخدم (ID) الذي تود إعادته إلى الاشتراك المجاني.",
    "invalid_user_id": "❌ **خطأ:** المعرّف الذي أدخلته غير صالح. الرجاء إرسال أرقام فقط.",
    "user_not_found": "🤷‍♂️ **عفواً:** لم يتم العثور على مستخدم بهذا المعرّف.",
    "upgrade_success": "✅ **نجاح!** تم ترقية المستخدم `{user_id}` إلى **VIP** بنجاح! 👑",
    "downgrade_success": "✅ **تم:** تمت إعادة المستخدم `{user_id}` إلى الخطة المجانية بنجاح.",
    "upgrade_notification": "🎉 **تهانينا! أنت الآن VIP!** 🎉\n\nتمت ترقية حسابك إلى اشتراك **Pro/VIP**! يمكنك الآن التحميل بلا حدود وبأقصى جودة! استمتع! 🚀",
    "downgrade_notification": "ℹ️ **تنبيه:** تم تحديث حالة حسابك. أنت الآن على الخطة المجانية.",
    "generic_error": "❌ **عذراً:** حدث خطأ غير متوقع. لم يتم تغيير حالة المستخدم.",
    "processing": "🔍 **لحظة من فضلك...** جاري تحليل ومعالجة الرابط.",
    "downloading": "📥 **بدأ التحميل!** جاري سحب الفيديو من المصدر... ⏳",
    "uploading": "📤 **اللمسات الأخيرة...** جاري رفع الفيديو إليك. استعد! 😉",
    "download_failed": "❌ **فشل التحميل!** 😔\n\nعذراً، حدث خطأ أثناء محاولة تحميل الفيديو. يرجى التأكد من أن الرابط صحيح وعام، وأن الفيديو متاح للتحميل.",
    "unsupported_platform": "⚠️ **منصة غير مدعومة:** عذراً، هذه المنصة غير مدعومة حالياً.",
    "duration_limit_exceeded": "⏰ **فيديو طويل جداً!** 😩\n\nمدة الفيديو تتجاوز الحد المسموح به للمستخدمين المجانيين ({limit} دقائق). \n\n**لتحميل الفيديوهات الطويلة، يرجى الاشتراك!** 👇",
    "file_too_large": "📦 **حجم ضخم!** 🤯\n\nعذراً، حجم الفيديو كبير جداً (أكثر من 2 جيجا) ولا يمكن رفعه على تيليجرام.",
    "error_finding_user": "❌ **خطأ في البيانات:** لم يتم العثور على بياناتك. الرجاء إرسال /start مرة أخرى.",
    "video_caption": "🎬 **العنوان:** {title}\n\n✨ **تم التحميل بواسطة:** @{bot_username}",
    "sub_free": "مجاني (Free)",
    "sub_pro": "مشترك VIP",
    "admin_only_command": "🔒 **ممنوع الدخول!** هذا الأمر مخصص للمدراء فقط.",
    "admin_panel_welcome": "⚙️ **أهلاً بك يا ملك البوت!** لوحة تحكم المدير بين يديك.",
    "stats_button": "📊 إحصائيات البوت",
    "broadcast_button": "📢 رسالة جماعية للجميع",
    "exit_button": "➡️ خروج من اللوحة",
    "stats_message": "📈 **إحصائيات البوت العامة**\n\n- **إجمالي المستخدمين:** {total_users} 👥\n- **إجمالي التحميلات:** {total_downloads} 💾",
    "broadcast_prompt": "📝 **أرسل رسالتك:** أرسل الآن الرسالة التي تود بثها لجميع المستخدمين.",
    "broadcast_started": "⏳ **بدء البث:** جاري إرسال الرسالة إلى {user_count} مستخدم...",
    "broadcast_finished": "✅ **اكتمل البث!**\n\n- **تم الإرسال بنجاح إلى:** {sent_count} مستخدم. 🎉\n- **فشل الإرسال إلى:** {failed_count} مستخدم. 😔",
    "exit_admin_panel": "تم الخروج من لوحة التحكم بنجاح.",
    "blocked_domain_message": "🚫 **محتوى محظور!** 🚫\n\nعذراً، هذا الرابط ينتمي إلى موقع محظور وغير مسموح بتحميل المحتوى منه. يرجى إرسال رابط آخر.",
    "applying_watermark": "💧 **لمسة فنية...** جاري إضافة اللوقو الخاص بالبوت على الفيديو. 🎨"
    "processing_video_info": "🎬 **جاري تحليل الفيديو...**\n\nأرسلت لي فيديو! سأقوم بتحليله وإعطائك معلوماته... 🔍",
    "video_info_result": "✨ **تم التحليل بنجاح!** ✨\n\n- **عنوان الفيديو:** {title}\n- **الأبعاد:** {width}x{height}\n- **المدة:** {duration} ثانية",
    "title_not_found": "غير متوفر (No Title Found) 🤷‍♀️",
    "video_info_failed": "❌ **فشل التحليل:** عذراً، لم أتمكن من تحليل بيانات هذا الفيديو."
  },
  "en": {
    "start_command_desc": "🚀 Start the fast download journey",
    "account_command_desc": "💎 Your subscription status and stats",
    "admin_command_desc": "⚙️ Secret Admin Panel",
    "welcome": "👋 **Welcome, {name}!** ✨\n\nSend me any video link from (YouTube, Facebook, Instagram, TikTok) and I'll download it for you at lightning speed! ⚡️",
    "limit_reached": "🚫 **Stop right there!** 🚫\n\nYou have reached your daily free download limit (5 videos). Subscribe now to download without limits! 👇",
    "subscribe_button_text": "Subscribe Now for Unlimited Downloads! 💎",
    "subscribe_link": "https://t.me/audiew",
    "account_info": "👤 **Your Personal Account Card**\n\n- **User ID:** `{user_id}`\n- **Subscription Status:** **{subscription_status}**\n- **Videos Downloaded Today:** {downloads_used} / 5\n- **Downloads Remaining:** {downloads_remaining}",
    "upgrade_user_button": "⬆️ Upgrade to VIP Subscriber",
    "downgrade_user_button": "⬇️ Remove VIP Status",
    "upgrade_prompt": "✨ **To Upgrade:** Send me the User ID you want to upgrade to **VIP/Pro** subscription.",
    "downgrade_prompt": "🗑️ **To Downgrade:** Send me the User ID you want to revert to the Free plan.",
    "invalid_user_id": "❌ **Error:** The ID you entered is invalid. Please send numbers only.",
    "user_not_found": "🤷‍♂️ **Sorry:** User with this ID not found.",
    "upgrade_success": "✅ **Success!** User `{user_id}` has been successfully upgraded to **VIP**! 👑",
    "downgrade_success": "✅ **Done:** User `{user_id}` has been successfully reverted to the Free plan.",
    "upgrade_notification": "🎉 **Congrats! You are now VIP!** 🎉\n\nYour account has been upgraded to **Pro/VIP**! You can now download without limits and at maximum quality! Enjoy! 🚀",
    "downgrade_notification": "ℹ️ **Notice:** Your account status has been updated. You are now on the Free plan.",
    "generic_error": "❌ **Sorry:** An unexpected error occurred. User status was not changed.",
    "processing": "🔍 **Just a moment...** Analyzing and processing the link.",
    "downloading": "📥 **Download Started!** Fetching the video from the source... ⏳",
    "uploading": "📤 **Final touches...** Uploading the video to you. Get ready! 😉",
    "download_failed": "❌ **Download Failed!** 😔\n\nSorry, an error occurred while trying to download the video. Please make sure the link is correct and public, and the video is available for download.",
    "unsupported_platform": "⚠️ **Unsupported Platform:** Sorry, this platform is not currently supported.",
    "duration_limit_exceeded": "⏰ **Video too long!** 😩\n\nThe video duration exceeds the allowed limit for free users ({limit} minutes). \n\n**To download long videos, please subscribe!** 👇",
    "file_too_large": "📦 **Massive Size!** 🤯\n\nSorry, the video file is too large (more than 2GB) and cannot be uploaded to Telegram.",
    "error_finding_user": "❌ **Data Error:** Could not find your data. Please send /start again.",
    "video_caption": "🎬 **Title:** {title}\n\n✨ **Downloaded by:** @{bot_username}",
    "sub_free": "Free",
    "sub_pro": "VIP Subscriber",
    "admin_only_command": "🔒 **Access Denied!** This command is for admins only.",
    "admin_panel_welcome": "⚙️ **Welcome, King of the Bot!** The Admin Panel is at your command.",
    "stats_button": "📊 Bot Statistics",
    "broadcast_button": "📢 Broadcast Message to All",
    "exit_button": "➡️ Exit Panel",
    "stats_message": "📈 **General Bot Statistics**\n\n- **Total Users:** {total_users} 👥\n- **Total Downloads:** {total_downloads} 💾",
    "broadcast_prompt": "📝 **Send your message:** Now send the message you want to broadcast to all users.",
    "broadcast_started": "⏳ **Broadcast Starting:** Sending the message to {user_count} users...",
    "broadcast_finished": "✅ **Broadcast Complete!**\n\n- **Successfully sent to:** {sent_count} users. 🎉\n- **Failed to send to:** {failed_count} users. 😔",
    "exit_admin_panel": "Exited the admin panel successfully.",
    "blocked_domain_message": "🚫 **Blocked Content!** 🚫\n\nSorry, this link belongs to a blocked site and downloading content from it is not allowed. Please send another link.",
    "applying_watermark": "💧 **Artistic touch...** Applying the bot's logo to the video. 🎨"
    "processing_video_info": "🎬 **Analyzing Video...**\n\nYou sent me a video! I will analyze it and give you its information... 🔍",
    "video_info_result": "✨ **Analysis Successful!** ✨\n\n- **Video Title:** {title}\n- **Dimensions:** {width}x{height}\n- **Duration:** {duration} seconds",
    "title_not_found": "Not Available (No Title Found) 🤷‍♀️",
    "video_info_failed": "❌ **Analysis Failed:** Sorry, I couldn't analyze the data for this video."
  }
}
